4.539843787311775847e-02,4.867505090242751908e-02,5.333333333333339921e-02,2.399999999999991029e-02,2.666666666666661634e-02,-2.458928815775240917e-02,-3.452491257962009286e-02,-1.021913259596080037e-02,5.333333333333339921e-02,5.599999999999993872e-02,4.533333333333344761e-02,5.333333333333301063e-03,3.466666666666662344e-02,2.666666666666661634e-02,5.333333333333301063e-03,-1.600000000000001421e-02,2.933333333333343340e-02,5.333333333333412085e-03,-5.333333333333412085e-03,-3.733333333333332948e-02
1.724390419850860279e-02,1.746693413591901556e-02,2.266666666666669605e-02,8.000000000000007105e-03,3.199999999999997291e-02,1.235632956180832132e-02,1.233912620477900512e-02,1.530454423341276460e-02,2.266666666666650176e-02,4.133333333333344406e-02,4.133333333333327753e-02,1.866666666666660923e-02,2.800000000000008038e-02,2.800000000000002487e-02,9.333333333333304616e-03,-2.666666666666706043e-03,1.466666666666671670e-02,-1.333333333333408532e-03,-1.066666666666660213e-02,-7.066666666666671093e-02
1.429294261516392273e-02,1.501950591229217480e-02,1.578019761267063226e-02,1.657654597268276575e-02,1.741014552322889264e-02,1.828265987785471225e-02,1.919582465930602666e-02,2.015145054594569274e-02,2.115142644653650317e-02,2.646531401730339850e-02,1.439999999999996838e-02,3.679999999999999938e-02,3.520000000000000906e-02,4.320000000000012719e-02,2.879999999999993676e-02,3.520000000000000906e-02,-8.028718546248425625e-03,-1.597128145375159569e-02,2.559999999999995612e-02,-9.599999999999941913e-03
5.785540907394803867e-03,6.031483605967780104e-03,6.287320973042298533e-03,6.553437019007901654e-03,6.830230285492816522e-03,7.118114382992202227e-03,4.552757810483587519e-03,1.454545454545450034e-02,-1.163636363636358362e-02,0.000000000000000000e+00,4.363636363636291815e-03,1.309090909090909749e-02,2.472727272727279213e-02,2.763636363636359783e-02,3.200000000000002842e-02,-7.272727272727319558e-03,7.272727272727319558e-03,2.909090909090861210e-03,4.363636363636402837e-03,3.171859268847720958e-03
7.339332243251839305e-02,4.995195602947083424e-02,4.682485567764865797e-02,4.014907792956995403e-02,6.834745459745883434e-02,-2.144274139026458581e-02,5.555621929138609971e-03,-3.526305509742755362e-03,-1.027796058817465052e-02,-2.497528110762325948e-02,-6.957118355885527627e-03,-1.876664945662476214e-02,-1.972847097797553184e-02,-2.008995897938170572e-02,-2.379113556346579283e-02,-1.519698405396813223e-02,-1.833763902558338543e-02,-1.757512248338427563e-02,-1.684352279350059822e-02,-1.614163045502442495e-02
1.294453217309160520e-02,1.395022891117028707e-02,1.504653513624990002e-02,1.651965596086310550e-02,1.753904781862511419e-02,2.125150213757870388e-02,2.195599558430677556e-02,2.279918026006549914e-02,2.295023389930861413e-02,2.304308811874039575e-02,2.067825419723579028e-02,2.020369029825980212e-02,1.921965789397012125e-02,1.835958890565336787e-02,1.753880870488100374e-02,1.707596800295962947e-02,1.639261403109060211e-02,1.580745584864473585e-02,1.523593554246360782e-02,1.467777895000210719e-02
-2.014285714285714013e-01,2.102857142857142980e-01,5.914285714285716367e-02,4.714285714285715301e-02,-3.519600789543853026e-02,6.483937817244489477e-02,8.148776011071445780e-02,-5.598827324486377321e-02,7.285274064198787869e-02,2.872619679675780802e-02,4.092628591174329866e-02,-2.432605442127466766e-02,2.324940249935725234e-02,-1.747172677637687244e-03,-2.528273223624255550e-04,-4.028571428571425805e-02,6.852387939714288390e-02,-9.198102225428572698e-02,-5.342857142857204700e-03,8.541358193431825008e-03
3.952994576131702020e-02,8.670741875235238316e-02,5.299875834928718943e-02,-1.078940527543259531e-02,4.315117181500760513e-02,-8.277169765332492712e-03,-4.427009586056185331e-03,7.591755476066619490e-02,-4.431565860455166650e-02,-2.891002238121093137e-02,1.982568098576248383e-02,1.850041689136450174e-02,7.097266261007872945e-02,1.065228386460381760e-02,-3.253633660471599853e-04,1.620000000000010321e-02,1.733333333333364479e-03,3.813333333333335240e-02,-3.624666666666676029e-02,1.247456481790076843e-02
6.724591942451674242e-03,9.969233968994561934e-02,3.567103369418322956e-02,4.552206415773607517e-02,5.814446808440365544e-02,5.452575565526096568e-02,4.679101026134546704e-02,2.272016990388792124e-02,2.361539237178078565e-02,1.815401707160013700e-02,1.777866593332788625e-02,-1.039999999999974278e-02,-4.000000000000447642e-03,1.393750668871174270e-02,9.262493311288366726e-03,2.399999999999735678e-03,-3.999999999999559464e-03,-4.480000000000039506e-02,-1.599999999999823785e-03,-1.931136893947782429e-02
4.626934227627840790e-02,4.954724637171870061e-02,3.454712574166407535e-02,1.609585479081072079e-01,-6.957796797477627804e-02,2.339667544191131876e-02,2.647944810164337692e-02,2.043537396147471208e-02,5.750595304352790205e-03,4.633675693502559145e-02,-2.946010786530811609e-02,9.333333333333804216e-03,4.533333333333311455e-02,3.824161629967193221e-02,1.269171703366145376e-02,7.999999999999118927e-04,-1.946666666666663215e-02,-4.266666666666663055e-02,-5.866666666666675578e-02,-2.106083063906577513e-02
3.596639350531211088e-02,3.595550100926267478e-02,3.066000891612291612e-02,3.066059056505299196e-02,3.066117223053593799e-02,3.066175391257047744e-02,3.066233561115799811e-02,2.037099632306038632e-02,2.036966586809629831e-02,2.036833554346911823e-02,2.036700534916119354e-02,2.036567528515487169e-02,1.414290731419287628e-02,1.402218865611426502e-03,1.354851190488126633e-02,1.571428571428579168e-02,-2.857142857143335490e-04,7.727443898681185530e-03,5.162583710443868767e-03,4.823082649778598352e-03
3.511044239447780324e-02,3.322159304438659921e-02,3.164685527914951058e-02,3.007310663441759013e-02,2.975805834501077385e-02,1.432289191146240981e-02,1.426492594491529653e-02,1.420406354040792962e-02,1.414162502217697348e-02,1.397075425309535213e-02,2.002048376024001541e-02,1.088686411278250166e-02,7.850670883782662202e-03,4.084679600007135036e-04,4.659600239715677716e-03,1.057391304347843342e-02,1.022608695652182931e-02,-2.810434782608695059e-02,-2.041892842112269513e-02,-2.271217063952235549e-02
-1.928746525250346622e-02,-2.233854369535492879e-02,-2.561352257063731486e-02,-2.912589688880373728e-02,-3.288990323671470151e-02,-3.692055839074370738e-02,2.546426263962242587e-02,-1.664061714285714477e-01,2.682171428571428207e-02,-8.948594285714289720e-02,3.793485714285721455e-02,-4.313920000000009969e-02,1.625600000000060330e-03,-3.229874285714279258e-02,2.706148571428573790e-02,-1.828571428571512669e-03,-1.965714285714281750e-02,1.279999999999992255e-02,-2.079999999999992966e-02,1.556571428571428273e-01
1.202592360729992649e-02,4.097778693690656837e-03,-5.985139064138333964e-03,-1.863576786060194834e-02,-3.433637966228175742e-02,-5.364943271622024668e-02,-3.465813886398372290e-02,-1.338295999999999930e-01,-8.649925333333335908e-02,-1.983952533333334101e-01,2.805515200000001097e-01,2.581066666666664844e-02,4.461450666666666454e-02,5.828218666666673542e-02,-6.544746666666600987e-03,1.423999999999999710e-01,3.774731514522788878e-03,2.389417562547535567e-02,9.989912800310918328e-03,-1.133826032547524676e-03
-6.860949259683835066e-03,-7.715765587359868505e-03,-8.610690403862975018e-03,1.639403226280078396e-02,-1.066666666666665764e-01,-5.277125947458660704e-02,2.236146790867732381e-01,-4.262876532941328733e-02,-6.252296643637333950e-02,-1.472475628776533929e-01,1.309138426933476040e-03,-5.308659672901339110e-02,1.066666666666666874e-01,2.666666666666661634e-02,-1.333333333333333037e-01,-2.666666666666678287e-02,-7.999999999999990452e-02,-5.333333333333339921e-02,3.345703695081170270e-02,-2.793757781170208565e-02
-7.204925483333329828e-02,9.543227999999986944e-03,-2.484415583333340893e-02,-7.813930133333329975e-02,6.016749906095150702e-02,-3.914533191418489988e-03,-4.472522980292639727e-02,4.638177566310858202e-02,2.980340388360461223e-02,-2.246871309301140540e-02,3.858249319944939693e-02,3.737692636349690400e-02,-2.816847253792731376e-02,1.131028048146859311e-02,-1.511300852679597906e-02,1.927733933333342087e-02,-2.261067266666660913e-02,-5.000000000000021094e-02,3.376090639334805577e-03,-1.706669053677251080e-02
-1.386368004926197273e-03,-3.100309959403801940e-03,-5.050133828545300130e-03,-7.260658832656530226e-03,-5.459087398380302325e-03,-1.937999999999995282e-02,5.780000000000062865e-03,5.839999999999789804e-03,2.880000000000104698e-03,8.702000000000004176e-02,3.925999999999996160e-02,-2.024000000000009125e-02,3.536000000000011356e-02,-1.152000000000003022e-02,8.800000000000474110e-04,-1.240000000000000546e-01,-8.199999999999996181e-02,-4.400000000000001132e-02,-3.122267261395489379e-02,-2.472692984613560074e-02
2.502823448011781693e-02,2.670554724720727857e-02,2.847482554572169922e-02,3.034066108909530546e-02,4.517005900235171456e-02,-8.350472256751395594e-03,8.832748551363900358e-02,3.401240315025699790e-03,8.640588872560778233e-02,-3.017147078186788178e-03,4.628611623879613779e-02,1.997900561095500294e-02,2.304190300381647738e-03,9.465306417812402451e-03,-4.592161378727954713e-02,-1.791999999999982496e-02,3.135999999999983245e-02,-4.815999999999986958e-02,6.271999999999977593e-02,-1.784498647622534406e-02
1.006533073835141900e-02,1.030442943995879546e-02,1.054797203265239736e-02,1.079597797904702228e-02,7.313682806423360550e-03,2.046429381226422262e-02,-3.035883313004694717e-03,2.723560984744688440e-02,-1.673323483036859294e-02,-8.633805911708092307e-03,5.061690007233388133e-02,-3.080398207066070704e-03,-1.176544917264660262e-02,-4.802135834218002053e-02,-5.725536608623960078e-03,-5.126146958400001896e-02,-1.080539697866678139e-02,-1.126646677066661661e-02,-4.533333333333222637e-03,-1.383826233579721343e-02
2.780830859765259788e-02,2.937215225339792624e-02,3.100706109004036648e-02,3.271596478862193180e-02,2.180605700806936831e-02,5.990763986095082316e-02,3.005670052454090246e-02,-9.543363267412119377e-03,1.058927972034493514e-01,-1.593700097165851037e-02,6.575495489960803130e-02,-3.525306821034834837e-02,6.326750788892998578e-03,1.748109673311692980e-02,-7.797450266836314370e-03,2.105263157894743387e-02,-7.170118749473708419e-03,-5.177724967157892877e-02,1.032927800981353617e-02,-1.222349142026502022e-02
1.962349983137556819e-02,2.061442740009050700e-02,2.164852710165382499e-02,2.272754240242846890e-02,3.632695828040322095e-02,-6.895129200861216390e-03,6.254849939758361232e-02,-1.509806097743138231e-02,8.422251843115446945e-02,8.918193960213482985e-03,5.153706531973389904e-02,8.625189222283502488e-03,1.550595403369980918e-02,1.008137401587616555e-02,-9.446122485771479838e-03,-2.649999999999996803e-02,3.150000000000008349e-02,1.599999999999990319e-02,-8.599999999999996536e-02,1.553354480327184817e-02
1.520973480178378079e-03,1.526929562886414349e-03,1.532906404212219798e-03,1.538904071952396091e-03,2.284823392275092679e-03,4.090687692739830572e-02,-6.999304154938673639e-02,6.190360009012163545e-02,-1.212703594395000140e-01,9.707817474824129156e-02,7.149856847026514473e-03,-2.622009457433671642e-02,-2.355775682724425835e-02,9.685621583149783831e-05,1.407233230299817506e-01,-9.016433811841617629e-02,5.616433811841620161e-02,-5.300295308497771085e-02,1.700295308497778990e-02,-1.388107710475067202e-02
3.537189770462190186e-03,3.069388522867200209e-03,2.513577053377902271e-03,1.859335122745192637e-03,1.095185439751816814e-03,1.820416369320329575e-02,-4.097517254596749758e-02,6.680039177138119566e-02,-4.825990532734969474e-04,1.082420361229829986e-01,3.546580376232749687e-02,-6.542820524549258776e-02,-3.774194660503221721e-02,-1.016561900812529284e-02,-7.810159982461420403e-02,-1.920000000000010587e-02,4.724723174809097870e-03,1.447527682519100800e-02,-3.298313936815067127e-04,5.302347225125514374e-03
2.666666666666678287e-02,2.666666666666661634e-02,3.066666666666666430e-01,-7.733333333333347603e-02,1.066666666666666874e-01,1.066666666666682417e-02,-1.599999999999979217e-02,-1.866666666666683128e-02,0.000000000000000000e+00,-1.146666666666664725e-01,-1.066666666666666874e-01,1.759999999999998233e-01,-1.066666666666682417e-02,5.333333333333301063e-03,2.933333333333354442e-02,-2.666666666666817065e-03,5.333333333333412085e-03,2.666666666666672736e-02,2.400000000000002132e-02,-1.570105157943646468e-03
2.320000000000000950e-01,1.359999999999997877e-01,-1.333333333333330817e-02,-3.200000000000002842e-02,6.133333333333357285e-02,4.000000000000003553e-02,-2.133333333333364834e-02,-5.866666666666642271e-02,7.466666666666665897e-02,-1.786666666666667513e-01,-2.400000000000024336e-02,1.653333333333334432e-01,-3.733333333333310744e-02,-2.933333333333354442e-02,7.200000000000017497e-02,-3.733333333333355153e-02,1.066666666666682417e-02,5.866666666666675578e-02,-2.400000000000013234e-02,8.513526880141286668e-03
5.529918260276148190e-02,2.947076635471682082e-02,1.783571912806636295e-02,1.388639616517934328e-01,1.433962314851494613e-01,4.079999999999983640e-02,6.255999999999994898e-02,-2.400000000000068745e-03,1.776421875961609054e-03,4.233338034591782595e-02,1.228620640379674001e-01,-2.201132492355428738e-04,-7.071519172212381577e-03,1.020775995251799184e-02,-1.452799379091673782e-02,0.000000000000000000e+00,-1.279999999999992255e-02,-3.200000000000091660e-03,4.800000000000026468e-03,1.024000000000002686e-02
3.868236414260373124e-03,1.987313653758149279e-03,-3.051303999896948227e-04,-3.072259919165487574e-03,-6.385723978237334286e-03,-1.032671865712020409e-02,-1.116864857145372092e-02,-8.049967058823526145e-02,-2.959143529411778495e-02,-8.232348235294106864e-02,-1.134365176470588654e-01,-7.209035294117638326e-02,-1.415407058823542341e-02,-8.342447058823532213e-02,-1.178719999999988666e-02,-3.538823529411772029e-02,-6.305882352941166724e-02,3.265882352941176237e-01,9.035294117647030276e-03,7.643234074985283399e-02
-8.478287866541478479e-03,-1.114237407529999890e-02,-1.410416217572851849e-02,-1.739032309198407233e-02,-2.102969036819501980e-02,-2.505342579763519817e-02,2.096236624517383573e-02,-1.155555555555556335e-01,-1.066666666666679641e-02,3.555555555555617309e-03,-1.244444444444442466e-02,-1.599999999999998646e-02,-4.124444444444450020e-02,7.857777777777788519e-02,4.444444444444442532e-02,6.787631056578158351e-02,1.827903561008850652e-01,-1.813333333333332353e-01,9.582063256143047436e-02,1.871546042253408038e-02
5.251819431778992353e-03,6.441649333993409998e-03,7.802718037367997739e-03,9.356175887611783981e-03,1.112559012119501700e-02,1.313720830686859742e-02,1.487969129049090955e-02,6.400000000000000133e-02,1.119999999999999607e-01,7.600000000000001199e-02,2.000000000000001776e-02,-6.800000000000000488e-02,7.680000000000009042e-02,4.719999999999990870e-02,2.000000000000001776e-02,4.000000000000003553e-02,4.800000000000004263e-02,-1.600000000000000866e-01,-2.006431270893671570e-02,-5.577651761441160261e-02
8.478637371602898432e-03,8.725922300840210921e-03,8.979088493241194069e-03,9.238263194404794376e-03,9.503576256022994162e-03,9.775160187373899134e-03,1.005315020776009760e-02,1.033768430004042282e-02,1.062890326513610262e-02,1.092695077763039535e-02,1.123197344239909579e-02,2.974979052242479605e-02,4.064264962028163453e-05,-3.611112915607436746e-02,-4.479167091412022961e-03,9.861818181818171603e-02,4.029090909090921047e-02,-3.936507220437812649e-02,1.248005270862501126e-02,1.198524888300772639e-02
3.618508736920517110e-03,3.651977775760401057e-03,3.685699826043276062e-03,3.719676629010820745e-03,3.753909937110277983e-03,3.788401514263711745e-03,3.823153135911611100e-03,3.858166589026296167e-03,3.893443672190188831e-03,3.928986195696010375e-03,3.964795981715896200e-03,-1.354185938753579843e-02,3.248502669837438628e-02,-1.924533872518949251e-02,1.821412139882661041e-02,3.039999999999998259e-02,-3.519999999999998130e-02,1.481297862030719892e-02,3.837804397065297524e-03,3.790630545246670424e-03
2.444017077607441024e-07,2.430396399133449847e-07,2.416773838831431931e-07,2.403149360064027462e-07,2.389523174883834145e-07,2.375895000183980699e-07,2.362265121846895966e-07,2.348633323379090143e-07,2.334999713582419645e-07,2.321364327428909746e-07,2.307727057782038571e-07,3.543484784799749709e-02,-7.017449512539769563e-02,-1.573105039176181386e-02,-3.080253245638897575e-02,9.090909090909088386e-02,1.134545454545454191e-01,-1.133936343424720161e-01,2.024122512933601570e-07,2.011003826241086756e-07
5.469485984974598036e-03,5.565281807399499736e-03,5.662428467253705078e-03,5.760943226434306341e-03,5.860843555147682293e-03,5.962147134567913342e-03,6.064871859152304312e-03,6.169035839221181927e-03,6.274657403373906650e-03,6.381755101145303311e-03,6.490347705437188308e-03,2.334335682283381064e-02,-2.919748423383761171e-02,1.384141422224530182e-02,-3.572077693107489349e-02,9.614545454545450620e-02,8.727272727272805675e-03,-2.885885422959180713e-02,6.759220645555785723e-03,6.606563237710305625e-03
-1.004800000000000970e-01,8.432000000000008932e-02,4.927999999999990721e-02,1.872000000000012543e-02,5.151999999999995472e-02,6.351999999999990987e-02,2.848000000000011633e-02,1.039999999999990932e-02,6.304000000000004045e-02,5.392000000000007898e-02,2.720000000000000195e-02,-7.632000000000005446e-02,4.272000000000009123e-02,-1.440000000000007940e-02,7.840000000000069136e-03,2.687999999999990397e-02,9.920000000000150919e-03,-1.600000000000045830e-03,9.343999999999996753e-02,-1.044723014073123402e-02
-1.280000000000008908e-02,9.013333333333350961e-02,3.533333333333331661e-01,-3.226666666666666572e-02,2.048000000000002041e-01,-4.480000000000006199e-02,-9.093333333333342150e-02,9.840000000000015401e-02,-8.666666666666689167e-02,-3.733333333333310744e-02,-2.373333333333327300e-02,2.298666666666663305e-01,-8.239999999999969571e-02,-1.525333333333334096e-01,-6.293333333333350765e-02,-5.120000000000002327e-02,9.066666666666889363e-03,1.733333333333320070e-02,2.378666666666667817e-01,9.725581290391693834e-03
1.005783620144920509e-02,1.052579118477850462e-02,1.101239152839370017e-02,1.151832403486000023e-02,1.204429962927819342e-02,1.259105417997211096e-02,1.315934934673718137e-02,1.374997345641840174e-02,1.436374240847279604e-02,2.196716653729521851e-02,-9.333333333333304616e-03,2.933333333333332238e-02,4.933333333333328463e-02,-1.600000000000001421e-02,2.666666666666706043e-03,-1.066666666666671315e-02,-7.199999999999873168e-03,5.333333333332745951e-04,-6.654085005406262798e-03,-5.541305946494823331e-03
6.999999999999978462e-03,-4.000000000000086819e-03,1.900000000000010014e-02,2.000000000000001776e-03,2.599999999999991207e-02,1.599999999999998646e-02,1.600000000000009748e-02,2.499999999999999445e-02,1.600000000000001421e-02,1.400000000000001243e-02,3.299999999999997380e-02,1.299999999999990052e-02,3.500000000000008660e-02,2.600000000000002309e-02,1.600000000000001421e-02,2.119999999999999662e-02,1.289999999999996705e-02,1.900000000000012790e-03,-7.699999999999984635e-03,2.963009830592722160e-04
2.319493857554009997e-02,2.595882142315458774e-02,2.897227596908841241e-02,3.225538637690159027e-02,3.582975365000409806e-02,3.971860566536608572e-02,4.394691496897640270e-02,4.863044301231239652e-02,7.047151878438512318e-02,7.981975887486741916e-02,5.981516550193455295e-02,8.155607415372823077e-02,6.418933453693664859e-02,2.962962962962967239e-02,-1.837037037037048126e-02,-1.155555555555554115e-02,-1.185185185185189116e-02,-1.277123527877044307e-02,-1.367769142229491308e-02,-1.442674919583453175e-02
2.218606010144272278e-02,-1.898325360000011064e-02,4.868834399999993900e-03,5.050462459999999210e-02,1.526363680000011880e-02,-2.289843720000009353e-02,1.963615269999999247e-02,2.461702399999998736e-02,-1.296824329999998748e-02,1.187844269999999147e-02,2.463263920000008378e-02,-9.757155800000083534e-03,2.506298790000011101e-02,4.535660259999990673e-02,5.789311799999974362e-03,4.088547230000000310e-02,1.028000000000001135e-02,3.358145572000009738e-02,1.574854427999988760e-02,3.899999999999992362e-02
-9.351936670531912910e-03,-1.009798063423206216e-02,-1.087410779607367317e-02,-1.168132442962482864e-02,-1.252066759359315995e-02,-1.339320602549992634e-02,-1.430004106039906020e-02,-1.524230757531164215e-02,1.964514965763898280e-01,4.000000000000003553e-02,-4.799999999999999822e-01,-2.000000000000010103e-02,9.959999999999991083e-02,-3.959999999999980203e-02,1.419999999999999041e-01,7.800000000000006928e-02,-3.000000000000000444e-01,1.399999999999998745e-01,-3.459858350873157296e-02,-1.354444452074110572e-02
8.076352242701367867e-03,1.058696703083233936e-02,1.098401560759748596e-02,1.144867490274498190e-02,1.604684735898109782e-02,8.535150776301292375e-03,1.338412979695391414e-02,1.435053526768820253e-02,1.550053577823012896e-02,-6.056065904887941720e-03,4.113733716834572229e-02,1.930775249451960329e-02,1.991163774558657451e-02,2.005849707153112282e-02,3.672763266287421002e-02,2.081370969364004786e-03,1.831303823745855652e-02,1.758472294937973857e-02,1.687525126450140078e-02,1.618420293771549723e-02
6.212312239057771190e-02,6.281559085175741908e-02,5.898977265986887764e-02,5.052817713020379964e-02,3.754333696759215577e-02,2.073093041144491444e-02,6.582532043516664544e-03,-4.212609760369190326e-03,-1.155484755457081292e-02,-1.554600514002157929e-02,-1.649819011390074586e-02,-1.688999517050504551e-02,-1.701463546895354284e-02,-1.693607613077929841e-02,-1.666110311586133097e-02,-1.621004445842938457e-02,-1.574282430445167469e-02,-1.527855187093329903e-02,-1.482157045303372778e-02,-1.437230070252759617e-02
-1.786386822819618914e-03,2.533344947153182147e-07,2.532871334892661253e-07,2.532400031896031578e-07,-1.243659526103399471e-02,1.243710160034580681e-02,2.530980509896085806e-07,2.530483945994976835e-07,2.529972747133957256e-07,-5.326749632955013469e-03,5.327255467912905829e-03,2.528339564933368422e-07,2.527752727132792643e-07,2.527144004893511209e-07,1.600531954179079674e-02,-1.600481430437439290e-02,2.525207420944752812e-07,2.524553757154990308e-07,2.523899098050286227e-07,2.523245860863720935e-07
4.836846400355221398e-02,5.449395178600879852e-02,5.376047083616519728e-02,1.274999999999998912e-01,5.999999999999999778e-02,7.083333333333341475e-02,-1.750000000000012657e-02,5.166666666666669405e-02,6.666666666666709595e-03,1.583333333333336590e-02,-3.666666666666662522e-02,-9.166666666666767327e-03,6.333333333333346360e-02,2.333333333333331705e-02,3.749999999999997780e-02,1.616159696666663592e-02,-9.158696975000046869e-03,6.113679916667225100e-04,7.190653500001031873e-04,4.166666666666662966e-02
5.692051760923078074e-03,8.703469720025225342e-03,8.968895650454555835e-03,9.292420690961422647e-03,1.178760662208011567e-02,8.007665729499680030e-03,1.066143003149733204e-02,1.130216268527556300e-02,1.204352722663770692e-02,-6.459230117354719525e-03,3.311025681322093961e-02,1.442708658116487186e-02,1.480756617943512765e-02,1.490682348661209744e-02,2.941493360623359532e-02,-3.799428552685446547e-04,1.385624396036888584e-02,1.341156577377944359e-02,1.297591989521151845e-02,1.254914897520365002e-02
4.937118602133100387e-02,3.332054903838249649e-02,3.230434030342621554e-02,3.001327537687720204e-02,5.099064925998320064e-02,-2.622223941973089723e-03,1.778706103673854955e-02,1.435895327614744588e-02,1.163501675941702729e-02,2.841192869669995069e-03,1.496095595258550848e-02,7.004439744754620278e-03,5.956345011234986941e-03,5.045067328261154671e-03,3.033191963163872629e-03,4.845452764991264871e-03,2.998659405509584985e-03,2.417785151887841266e-03,1.865894371189114054e-03,1.341850692845980575e-03
4.623918630501877569e-02,5.019530391336957109e-08,5.007903780551714590e-08,4.996221042441462146e-08,4.976066345842899974e-02,-4.976056388682120746e-02,4.960887167726468761e-08,4.949092868855586858e-08,4.937302833241119515e-08,-1.423958458600732557e-02,1.423968297850508602e-02,4.901936273560281165e-08,4.890126348300327663e-08,4.878302212185658959e-08,1.136017031784658515e-02,-1.136007310703118778e-02,4.842765827239858822e-08,4.830914690501231235e-08,4.819066390382431564e-08,4.807212411472860936e-08
2.410592708242909055e-02,2.550275578178060054e-02,2.511610461267982375e-02,3.032890900531418077e-02,3.002730806324391266e-02,3.159434837634739202e-02,-2.617710737085110484e-02,9.389727641292883176e-02,3.456652798806109095e-02,3.301197895441188024e-02,1.049402703061869668e-01,-4.960488355839548502e-02,2.116556823852372426e-02,1.729310500706926490e-02,1.957580193562979964e-02,5.099875976972922942e-03,8.362431715821294631e-03,6.451513911645889721e-03,-1.351382160444014602e-02,2.281922340511233216e-02
4.099529548440258853e-02,4.250847578203340027e-02,-6.776460908285486529e-03,-1.268209612640402995e-02,9.038968512835032776e-03,-4.143747920488105585e-03,3.532611416720010666e-04,-1.513969808452531041e-03,2.362356546465449458e-02,5.859934214118495133e-02,-1.284640115854712716e-02,-2.990297896117999343e-02,3.814712775400058709e-02,2.070451989727950526e-02,4.043945424068490224e-02,2.674285714285712379e-02,5.142857142857060193e-03,2.628571428571430113e-02,9.828571428571519775e-03,1.527999999999999359e-01
-6.580833367614502549e-03,2.718277928077961203e-02,-8.369687008563730934e-02,1.481338093737322170e-02,5.484291661843737620e-02,-2.308702706363557899e-02,-1.253975015496011647e-03,3.960711051091636570e-03,2.753322224757270842e-03,-6.494275538698668360e-02,2.559979383524269014e-02,-8.022214539994931837e-02,4.981519756861602088e-02,1.710751440636271159e-02,9.917321786488075830e-03,4.426666666666650984e-02,3.306666666666668863e-02,5.866666666666670027e-02,-1.600000000000001421e-02,3.614132986108753443e-02
6.685124379487900059e-03,7.092259981872808816e-03,7.517538842377297081e-03,7.961675345971211404e-03,8.425410185634196747e-03,8.909511291469884853e-03,9.414774791321717240e-03,9.942026004967186026e-03,1.049212047138720072e-02,1.106594501238600259e-02,1.166441883153040981e-02,1.146994814397800377e-02,3.799272133318268296e-02,1.593202934471990573e-02,3.807524932209749302e-02,3.999999999999981348e-02,4.254107711201948749e-02,4.805126688798061485e-02,1.207432266666669252e-02,3.260957599063801782e-02
4.391946512491584631e-03,-1.446440139645421841e-02,2.666666666666700491e-02,7.333333333333302839e-03,3.333333333333332593e-02,-3.420183864727871503e-02,1.420183864727891931e-02,-7.333333333333302839e-03,-4.133333333333361059e-02,3.400000000000030775e-02,7.999999999999396483e-03,3.600000000000042055e-02,4.666666666666152707e-03,2.133333333333392590e-02,-2.666666666667205643e-03,3.466666666666740060e-02,5.333333333333190041e-03,-2.866666666666700669e-02,2.666666666666700491e-02,5.733333333333329174e-02
3.820958242919003656e-03,3.628108804241778063e-02,0.000000000000000000e+00,-1.236571428571426878e-01,1.414857142857142147e-01,-3.449768315501783311e-02,-5.395945970212487341e-02,7.428571428571420499e-02,-2.651428571428590675e-02,2.537142857142857255e-02,7.542857142857406494e-03,2.217142857142839762e-02,-1.119999999999976570e-02,-4.114285714285792483e-03,2.582857142857136745e-02,-2.514285714285691142e-03,-6.400000000000016787e-03,-5.404627484571439267e-02,4.010341770285719143e-02,6.651428571428580350e-02
2.498920370669210911e-02,-1.955601602967127484e-02,1.151999999999998581e-01,-5.119999999999896856e-02,9.119999999999900409e-02,-6.513299707920999770e-02,-1.806700292078938785e-02,1.920000000000066098e-02,-1.536000000000012911e-01,8.319999999999938556e-02,-1.599999999998491518e-03,4.480000000000011751e-02,2.399999999999857803e-02,4.320000000000173701e-02,-1.920000000000082752e-02,5.599999999999921707e-02,2.559999999999940101e-02,1.280000000000203197e-02,-3.200000000001645972e-03,3.519999999999978701e-02
1.026162039899430889e-02,1.982299027540829206e-02,-4.399999999999987255e-03,-2.920000000000030904e-02,8.360000000000020193e-02,-1.504145725260741528e-02,5.904145725260739885e-02,2.079999999999992966e-02,-9.279999999999999361e-02,1.679999999999998161e-02,2.662926812409999178e-02,3.383499386442428980e-02,1.650929045299592834e-02,9.644203098795767204e-03,3.738224445968413301e-02,3.480000000000010862e-02,-9.600000000000219469e-03,8.000000000000007105e-03,1.800000000000018252e-02,1.042635058316859764e-02
8.085525270194598990e-03,8.350519288535099283e-03,8.622248450694008914e-03,8.900866246092792311e-03,9.186529455349895512e-03,9.479398217366818979e-03,9.779636099385480286e-03,1.008741016712211280e-02,1.040289105679709225e-02,1.505096567831490373e-02,8.000000000000090372e-03,2.500000000000002220e-02,-1.380000000000011773e-02,4.960000000000008846e-02,6.200000000000038813e-03,4.899999999999987699e-02,4.000000000000003553e-03,2.600000000000102229e-03,5.740000000000000657e-02,5.875756876544291352e-03
1.361228516016943502e-07,1.357756894138084647e-07,1.354284772936420467e-07,1.350812598999162617e-07,1.347339982082917942e-07,1.343867258030151390e-07,1.340394026883018341e-07,1.336920759931192748e-07,1.333447246232299932e-07,1.329973313979326832e-07,-2.987510623574490820e-02,-4.999999999999998890e-02,6.999999999999997891e-02,6.999999999999989564e-02,-4.999999999999987788e-02,4.999999999999987788e-02,-1.499999999999998834e-01,1.999999999999999833e-01,-1.399999999999999856e-01,2.987641669751689433e-02
9.534772341309311061e-03,9.937749389807598588e-03,1.035395868647429052e-02,1.078379001581170060e-02,1.122764396705011603e-02,1.168593222199529325e-02,1.215907785076278391e-02,1.264751561488169918e-02,1.315169227835460974e-02,3.231670030451991305e-02,-2.186666666666661762e-02,2.186666666666661762e-02,2.386666666666670267e-02,9.733333333333371584e-03,1.040000000000002034e-02,1.597589958488532802e-01,-9.009623340143996240e-02,3.047057088591997864e-02,2.411065256766120601e-02,1.879946899921147718e-02
2.156544005009011777e-02,3.094692383070749009e-02,7.033003984328328739e-02,1.143288045356410931e-02,1.041352072667979800e-01,5.545162216151261481e-02,4.384409111723819308e-02,3.772797868153843215e-02,2.798880246409807260e-02,2.888853811817249095e-02,1.623340719416555000e-02,1.684187475366805131e-02,1.477665911723080594e-02,1.546550376566635521e-02,1.230536363839773717e-02,5.333333333333301063e-03,-2.666666666666372976e-03,-2.239999999999986446e-02,1.439999999999963531e-02,-7.816682846172873234e-03
2.143536209775828705e-02,2.077187237458738567e-02,2.511520635561703685e-03,4.779100375895128927e-04,-1.404975112738904297e-03,0.000000000000000000e+00,-5.922415526394608776e-03,0.000000000000000000e+00,9.720430325133033733e-04,1.941944554451902061e-03,-3.101903506296488366e-02,2.662468243521898259e-03,9.295595593062311313e-03,3.619151448675861360e-02,-6.200799137439150233e-03,1.800000000000001599e-02,4.000000000000003553e-03,-2.999999999999997113e-02,3.460000000000000853e-01,-1.211106432562228941e-01
2.285714285714290916e-02,2.285714285714279814e-02,0.000000000000000000e+00,2.285714285714302019e-02,2.285714285714268712e-02,-2.285714285714268712e-02,2.285714285714268712e-02,-4.571428571428570731e-02,4.571428571428570731e-02,2.285714285714290916e-02,2.285714285714285365e-02,0.000000000000000000e+00,2.285714285714279814e-02,0.000000000000000000e+00,0.000000000000000000e+00,4.571428571428581833e-02,4.571428571428570731e-02,0.000000000000000000e+00,-2.285714285714290916e-02,3.347353367882860420e-02
1.882222222222229568e-02,1.176888888888880103e-02,-8.711111111111113914e-03,8.800000000000002265e-03,-3.199999999999980638e-03,-3.333333333333299286e-03,5.955555555555491765e-03,2.888888888888885287e-03,1.333333333333325266e-03,-1.346666666666662682e-02,5.426666666666660199e-02,-6.222222222221907018e-04,6.133333333333296222e-03,4.133333333333341630e-02,4.173333333333328898e-02,4.866666666666685792e-03,9.339555555555489885e-03,2.073733333333344087e-02,1.316088888888877761e-02,-7.755555555554183300e-04
-2.685628938915762820e-02,3.360000000000007425e-02,5.599999999999993872e-02,5.640000000000000568e-02,-2.399999999999991029e-02,7.959999999999989306e-02,8.000000000000007105e-03,-1.319999999999998952e-01,-7.480000000000008864e-02,9.199999999999997069e-02,1.036000000000000254e-01,-1.003999999999999337e-01,3.320000000000000728e-02,-1.880000000000003890e-02,-5.200000000000004619e-02,-3.809984345037475961e-02,-2.826311941869796840e-02,4.632552160729763724e-02,3.260304342026520974e-02,-4.005656021584900750e-01
-7.457201309762184760e-03,-7.991200515547802752e-03,-8.546640722784104582e-03,-9.124246044436290504e-03,-9.724763062052999008e-03,-1.034896148833291951e-02,-9.937084989713601546e-03,-8.639999999999981029e-03,-1.919999999999991158e-02,6.399999999999905764e-03,9.599999999999997424e-03,1.599999999999990319e-03,2.720000000000011298e-02,1.519999999999988027e-02,6.080000000000029825e-03,8.715286574400071817e-03,3.611028364799928614e-03,2.716251060799979022e-03,1.407743399999999978e-02,-1.039999999999990932e-02
-4.247580823076246848e-03,-4.982008983603181118e-03,-5.758776903419970949e-03,-6.579832344556335588e-03,-1.047151754028891046e-02,-9.411764705882397219e-03,0.000000000000000000e+00,-2.823529411764708064e-02,4.705882352941115343e-03,-5.647058823529410576e-02,-4.235294117647053769e-02,4.705882352941226365e-03,-4.705882352941226365e-03,-9.411764705887060156e-03,4.235294117647536716e-02,-3.294117647058830700e-02,-9.411764705882397219e-03,-1.411764705882340154e-02,0.000000000000000000e+00,2.352941176470579876e-02
1.258671253625481823e-02,-2.908144975539511679e-02,7.363451549991500977e-02,2.193861774710509360e-02,9.255578532380986934e-02,-1.185840811019989172e-02,4.283832952593491505e-02,-4.269047263259939662e-03,-3.752901895023996737e-02,1.193300675973496539e-02,4.824380805015993090e-02,2.199800336485013830e-02,3.685784624254584418e-02,2.687875138665507535e-02,9.704220668883989376e-03,-1.572657496499996199e-02,-7.760604585000052680e-03,-1.535022806499997117e-02,-4.116259238499997419e-02,-2.700000000000000733e-01
1.441514422001807794e-02,-1.983667426953988899e-02,5.289847151481719134e-02,-1.857272956798866614e-02,2.918625548887709975e-02,2.143981405342998414e-03,2.718869452500566330e-02,3.299832047170853100e-02,1.660896707152009766e-02,3.351713083632279488e-02,9.873645739874203908e-03,2.012865033301147744e-02,1.379660699140283775e-02,1.733165379442858089e-02,9.876839084991484441e-03,-1.725250559142860185e-02,-2.862268140285706419e-02,0.000000000000000000e+00,-2.983909871999990138e-02,-1.471428571428572973e-01
4.522772446442499539e-02,5.116125986815239779e-02,5.723203344525001901e-02,6.493564938228768568e-02,6.378159395694060763e-02,6.877468462243158109e-02,3.809142071487625625e-02,-4.936940847683357614e-02,-7.068474416707976049e-02,-4.167385422954539287e-02,-2.380540857095070351e-02,-2.691905254108228895e-03,3.296918258447084638e-02,2.377538576311566398e-02,1.308760081629661842e-02,7.951628731692311769e-02,3.395214926153844459e-02,8.147664221538453155e-02,3.459338274461543072e-02,3.523284667628900912e-02
5.434076819966604521e-03,5.602175625206484710e-03,5.775240326904906851e-03,5.953413131322804475e-03,6.136840224897299745e-03,6.325671887097483737e-03,4.086408234736715883e-03,1.569298972399998937e-02,-8.790658532764894506e-03,1.179700976282249680e-02,1.468098363425121566e-02,1.975095764516160424e-02,2.681784549402238538e-02,3.468977798546879487e-02,1.192030005780969626e-02,2.379039830079998641e-02,1.083510492479999865e-02,3.548607563199912551e-03,1.302588921120001464e-02,7.414300918038574384e-03
1.896988673735222619e-03,1.899229277824987516e-03,1.901280528130711023e-03,1.903137884994465789e-03,1.904796729434110603e-03,1.906252363568283759e-03,5.248980793377433507e-03,-9.623931407551911121e-04,-3.798105760353609472e-03,1.286774660814571369e-02,-5.394190929149722535e-03,1.125139153291138117e-02,5.791172522226994968e-03,7.212946878147219465e-03,-2.824899554183024630e-03,-2.000801184348866002e-03,2.157826367200010864e-02,2.311986459999987309e-02,-1.203041848857000495e-03,9.916015607075223670e-03
7.416237557253693713e-03,2.693554022988510488e-02,7.139126436781606522e-03,1.201774712643668974e-02,9.150620689655192264e-03,2.107117241379311001e-02,1.352239080459768927e-02,1.062188505747130307e-02,1.820101149425290554e-02,2.606399999999997608e-02,1.861866666666672776e-02,2.148965517241369083e-02,5.825388505747131074e-02,7.587659770114940638e-02,7.905655172413872389e-03,1.179831724137930804e-01,7.313747126436731527e-03,-1.045121839080453974e-02,9.896091954022967485e-03,6.509658983845922897e-03
5.391760612925511342e-02,-1.194974007578508690e-03,7.783245258022486457e-03,-1.229740641941889923e-02,4.343099941867462066e-02,-7.588767656322603639e-03,2.781138444639758012e-02,-1.795539776429515011e-01,1.680092132129070159e-01,4.665345488858996248e-03,1.872098485950707270e-02,-3.611088066404949393e-02,4.730607570686329311e-03,-1.949864944515011800e-02,-5.259789763801359097e-02,-1.142857142857139907e-02,-2.285714285714268712e-02,1.028571428571427027e-01,0.000000000000000000e+00,-2.835624943263542752e-02
7.721979660294947534e-04,9.553595686197902115e-03,7.743902211856792950e-03,-1.825404558635806973e-03,-1.717139174442078309e-03,-5.475330051200044679e-04,7.915877989591590946e-03,5.197475268197915277e-03,-8.021877782105057975e-04,3.106169511579714992e-05,2.038204269810495184e-03,9.610838436067387081e-03,1.531017873398732299e-02,1.918584160434527730e-02,8.413892168437908659e-03,-1.153715479585690207e-02,-1.440430019621050106e-02,1.029522706515789698e-02,-2.316910593928384055e-03,1.261205847731849961e-02
8.285045869200063917e-04,8.483850119713892690e-04,8.687022227061996782e-04,8.894653293359117141e-04,1.700577475544196027e-03,1.490032285937720191e-02,-9.739024067940901808e-03,-8.895137429709015775e-04,3.574530371674405904e-03,-1.272627524435701596e-03,2.336647275627198872e-02,6.421876843951124236e-04,1.654096171417959726e-02,7.802712055179905626e-05,-2.339772740791307148e-03,9.889745653956349969e-02,1.286664885479141263e-02,-6.065172429520171438e-02,4.381867025879160327e-02,1.307408212848309992e-02
-1.248966239886062368e-02,-1.551332795820498101e-02,-1.886045282031378889e-02,-2.255931213804091007e-02,2.289955498927798150e-02,-9.899999999999997691e-02,-6.199999999999999956e-02,3.200000000000000067e-02,2.899999999999999800e-02,-1.899999999999998912e-02,-1.020000000000000073e-01,6.399999999999989031e-02,-1.899999999999990585e-02,-4.099999999999998090e-02,5.000000000000004441e-03,2.941483840565520813e-01,-1.819306333203118964e-02,-5.012885814146889052e-02,1.987124664155300313e-01,-3.981129398560989685e-03
3.908893704002200375e-03,4.087400861523704521e-03,4.271973111025395564e-03,4.462793264237305269e-03,4.660049294656104513e-03,4.863934477395692735e-03,3.440591217255900558e-03,5.599999999999999423e-02,2.971428571428580412e-02,-4.114285714285720319e-02,4.457142857142859516e-02,9.828571428571422630e-02,3.085714285714297178e-02,1.028571428571428692e-02,3.885714285714281235e-02,2.399999999999991029e-02,3.603927817879498674e-02,3.770914982120510128e-02,5.108714857142926391e-03,5.485714285714271554e-02
3.367055690127784828e-02,3.393030400484775555e-02,3.374842383259846201e-02,3.301282029809726737e-02,3.159056099521251326e-02,2.932445444807285639e-02,2.602910146322301443e-02,2.148634310117358837e-02,1.555226033224310633e-02,2.909090909090861210e-03,1.454545454545463912e-02,-7.694545454545442809e-02,3.229090909090892580e-02,-4.799999999999915445e-03,-3.767272727272730215e-02,-2.705454545454555326e-02,2.574545454545462686e-02,-5.163636363636370241e-02,-7.650909090909085997e-02,-2.676363636363636167e-01
3.522520848594720699e-02,2.476713453406320653e-02,7.199999999999959210e-02,-1.600000000000001421e-02,4.000000000000003553e-03,-1.468157535665909341e-02,-1.201390145412520316e-02,-1.330452318921529486e-02,3.999999999999959144e-02,-1.200000000000001066e-02,4.800000000000009814e-02,3.600000000000003197e-02,0.000000000000000000e+00,4.000000000000003553e-03,6.400000000000011235e-02,1.999999999999996225e-02,2.800000000000002487e-02,-2.800000000000002487e-02,-3.599999999999997646e-02,-7.200000000000011946e-02
-7.589467157298968036e-03,-2.148538379855480240e-02,3.200000000000008393e-02,-8.533333333333348314e-02,-3.733333333333321846e-02,2.618508319751999824e-02,3.272239758413009181e-03,7.876010377400211038e-03,5.333333333333412085e-03,-3.199999999999991740e-02,-4.000000000000020206e-02,-7.733333333333330950e-02,7.200000000000000844e-02,-9.333333333333329596e-02,-3.733333333333330173e-02,1.173333333333332895e-01,4.000000000000003553e-02,-1.600000000000001421e-02,9.066666666666667318e-02,4.000000000000000777e-01
4.229222213787231510e-02,3.288032726473583134e-02,-5.239480510932020829e-02,-5.788158753839173221e-02,-1.938764291847189236e-02,-1.344289468694398471e-02,6.069454597207979418e-03,-2.844911531270399863e-02,9.254626592942372110e-02,-8.499348228079683931e-03,-1.084625971945683276e-01,6.956356139104799552e-02,3.971684836653588402e-02,2.976701363617634266e-02,3.211074235716010472e-02,2.034800447335166629e-02,1.603523845336818354e-02,5.722056531352104347e-03,2.189470054192799164e-02,1.750373042098612997e-02
1.359482009182499951e-02,1.392818415737201443e-02,1.426882779561106096e-02,1.461690014235733637e-02,1.497255326852808821e-02,1.533594223447920513e-02,1.570722514878752918e-02,1.608656322509460779e-02,2.033393435195063326e-02,5.894736842105285923e-03,2.905263157894732995e-02,1.894736842105260166e-02,1.431578947368428167e-02,2.105263157894743387e-02,1.431578947368417065e-02,4.505263157894734416e-02,1.684210526315788048e-02,1.263157894736843812e-02,1.661798393729085888e-02,1.201359501007759345e-02
8.863237642543708716e-03,8.984421231616579462e-03,9.107110860981038059e-03,9.231324241909533157e-03,9.357079286388625405e-03,9.484394108994820272e-03,9.613287031044137620e-03,9.743776579853147268e-03,9.875881494082250356e-03,1.200847195230014819e-02,9.660377358490679356e-03,3.622641509433810469e-03,1.932075471698113667e-02,9.358490566037769298e-03,9.056603773584970263e-03,2.083018867924524287e-02,1.750943396226412041e-02,1.811320754717016257e-03,1.469459153386554195e-02,1.066389903217224155e-02
7.900545512703097129e-03,1.093876083113240472e-02,1.465030287942559184e-02,1.916119629440110606e-02,2.463309834414789679e-02,2.213333333333334929e-01,2.613333333333332509e-01,5.333333333333334370e-02,-1.333333333333330817e-02,2.666666666666672736e-02,2.933333333333298931e-02,0.000000000000000000e+00,-2.666666666666595020e-03,4.266666666666663055e-02,2.933333333333343340e-02,1.146666666666651402e-02,-2.213333333333333819e-02,2.666666666666683838e-02,1.333333333333319715e-02,-4.262558896467427694e-03
1.072299808516918862e-04,1.092932440944077710e-04,1.113866159754006713e-04,1.135104881461873605e-04,1.156652570373090105e-04,1.178513239215028818e-04,1.200690949634958260e-04,1.223189812786934505e-04,2.172841853020079927e-04,5.995609756097503018e-03,-7.538211382114023973e-04,1.180769105691059639e-02,9.799186991869962560e-04,1.089291056910571265e-02,-8.897593495935010588e-03,2.987269918699191062e-02,4.446292682926827888e-02,5.498227642276420912e-02,-1.051052195121950916e-01,5.118755460113158517e-02
5.706708221487055699e-04,6.101142824737892933e-04,6.517807714799123131e-04,6.957842637535932573e-04,7.422442653658989364e-04,7.912860728093024099e-04,8.430410438575036691e-04,8.976468807389975657e-04,9.552479262037033569e-04,1.015995473094999380e-03,1.080048087996401951e-03,1.147571949614387132e-03,2.163878024703899672e-03,6.086956521739211867e-03,-7.826086956521802196e-03,6.521739130434789367e-02,-3.478260869565208413e-03,5.304347826086952544e-02,5.913043478260870955e-02,2.988152111213876472e-02
1.595697132154016984e-04,1.722824250563054216e-04,1.857623907346034331e-04,2.000508758131930298e-04,2.151912286691981535e-04,2.312289814698081925e-04,2.482119558887968536e-04,2.661903738395005048e-04,2.852169733933013207e-04,3.053471301528026816e-04,3.266389843221001454e-04,3.744710371706011509e-04,1.372972972972978656e-02,3.432432432432430680e-02,4.183783783783778798e-02,5.691891891891900923e-02,3.740540540540537862e-02,3.043243243243243246e-02,2.692467889729238673e-02,2.415843003785761445e-02
1.656393647073095554e-03,1.689155874906506094e-03,1.722410311385993986e-03,1.756163550804101803e-03,1.790422270419991801e-03,1.825193231351107670e-03,1.860483279750399510e-03,1.896299347675003966e-03,1.932648454249799586e-03,1.969537706608098793e-03,2.006974301027503182e-03,1.709731081770290984e-03,7.272727272727291803e-03,2.545454545454542417e-02,-7.272727272727319558e-03,-2.181818181818179214e-02,6.181818181818179991e-02,5.454545454545489669e-03,-3.513232063022286855e-03,9.272660784070296813e-03
1.111842373957117047e-02,1.137395227141357879e-02,1.163531847681564813e-02,1.190265478700425206e-02,1.058846894582586851e-01,1.038840579710145207e-01,-2.103188405797101757e-01,-8.927536231884058981e-02,3.668405797101449428e-01,-6.454492753623188861e-01,1.645217391304347743e-01,3.509565217391304448e-01,9.055072463768132351e-02,3.905190691686943882e-02,-7.143501119768025376e-03,-1.324990208857901308e-03,-5.385611484371111146e-03,3.563208796266703615e-03,3.250879776652748632e-02,4.122294295652173535e-02
0.000000000000000000e+00,0.000000000000000000e+00,0.000000000000000000e+00,0.000000000000000000e+00,3.777141265822785421e-01,0.000000000000000000e+00,0.000000000000000000e+00,0.000000000000000000e+00,0.000000000000000000e+00,2.384506329113911249e-03,2.224303797426774310e-06,0.000000000000000000e+00,8.527841012658299302e-03,3.621559493670767349e-03,-3.300585822784751766e-03,3.349294683544390416e-03,2.319786410126581933e-01,1.064674784810126784e-02,3.392405063291081824e-03,0.000000000000000000e+00
1.010340331953393789e-03,1.159786045135793864e-03,1.325416044533511695e-03,1.508779157945089322e-03,1.711562848995498709e-03,1.935605116268612758e-03,2.182907384871493606e-03,2.455648471160504220e-03,2.756199708456696928e-03,2.987639998545496556e-03,3.795181722471110963e-02,4.723620960474100849e-03,5.716392003703699154e-02,-2.923552836918696940e-03,1.986101205406225201e-01,7.674074074074055396e-03,1.503407407407407748e-01,5.964444444444438886e-02,9.599999999999941913e-03,3.585185185185246759e-03
-2.231831154688412866e-02,-1.593654100640407023e-02,-1.621183637610101869e-02,-1.623432513618189299e-02,-2.529898593442903021e-02,-6.288658997808393991e-03,-1.522262394223611315e-02,-1.498361327575287172e-02,-1.486639014363788647e-02,1.136128635943528531e-02,-4.105293985017199887e-02,9.052939850171970448e-03,-6.400000000000016787e-02,-1.600000000000001421e-02,2.400000000000013234e-02,0.000000000000000000e+00,0.000000000000000000e+00,5.600000000000004974e-02,-4.800000000000009814e-02,7.251694706494726805e-03
2.870751769661006314e-03,2.414185178664096654e-03,3.485157024793389402e-02,1.001719008264459476e-02,3.114710743801651915e-02,4.544793388429779757e-03,1.936528925619832031e-02,1.799669421487609666e-02,1.963900826446279835e-02,2.605619834710692917e-03,1.543867768595050260e-02,2.272859504132229702e-02,7.933884297511850647e-05,2.127140495867779757e-02,5.363966942148690187e-03,4.568925619834718344e-02,7.990809917355362613e-02,1.759669421487608520e-02,2.702743801652890410e-02,3.421787953975874430e-02
1.446939940086267029e-08,1.271013849460290168e-01,-1.271013563413228020e-01,1.413543859740684638e-08,-2.157558006512586002e-01,2.157558285889552008e-01,1.380228908942626731e-08,1.369112151428097945e-08,1.357985368599656795e-08,-4.432729823364817134e-02,4.432732505913578036e-02,1.324537729496810812e-08,1.313359948573733504e-08,6.995836284760170720e-02,-6.995833691633429607e-02,1.279744132887117303e-08,6.995832411889296720e-02,-6.995829886076498916e-02,1.246060771231682907e-08,1.234832280871955845e-08
9.939292500149576881e-09,-1.157026342918759942e-01,1.157026538813042960e-01,9.649786303356222561e-09,9.763066980224277547e-02,-9.763065079421157089e-02,9.357844665824899266e-09,9.260309408176681245e-09,9.162709702081883734e-09,6.207506745779228785e-02,-6.207504942536518078e-02,8.869786294329884413e-09,8.772332582562825110e-09,-2.088793117971676772e-02,2.088794843251950972e-02,8.480663782339803447e-09,-2.088795691318329206e-02,2.088797358337557419e-02,8.189604994157662077e-09,8.092599923514853799e-09
1.730612539603509914e-02,2.013681304170739095e-02,2.320719020994910231e-02,1.361398218559999873e-01,8.756051356800009788e-02,3.134952391200002131e-02,1.787655618559991222e-02,4.546973222239997225e-02,1.830549670239989268e-02,1.914818564000025924e-02,-1.689707231840026358e-02,-4.253656180799869624e-03,4.109616910079999519e-02,7.563048786560000458e-02,2.365399371039988985e-02,1.720964546080017143e-02,9.847515268799900134e-03,-1.506716386079998138e-02,1.078786633599948530e-03,2.560000000000006715e-02
-5.918679868369472463e-02,-9.723826695061990599e-02,1.774086643460240365e-01,1.211216397095253861e-01,9.966311147690398720e-02,5.707956038738259963e-02,1.265322445865590950e-02,7.794691461694813750e-02,5.479689397362130787e-02,4.538818340261951967e-02,8.643365313377615600e-03,6.388357842408876053e-03,4.719073025999609428e-02,2.765947272624513786e-02,9.701168834479467762e-03,4.760732453332749969e-04,7.684120559999785272e-04,3.640982210666776631e-03,-7.325349152075832926e-03,-1.302661494448731361e-02
6.664300492815397603e-03,7.291443352257093169e-03,7.962120643527401120e-03,8.679007700410815151e-03,9.444933740159588975e-03,1.026289035387920046e-02,1.113604045215030314e-02,1.206772768973418675e-02,1.306148639465520844e-02,1.412105202784200153e-02,2.160499036668706019e-03,1.028571428571428970e-01,1.142857142857139907e-02,4.000000000000009104e-02,-6.285714285714300020e-02,7.428571428571439927e-02,1.136368212979534942e-01,1.892203215591893861e-01,-1.257142857142856673e-01,7.166877790785142199e-02
4.355140578147637109e-02,4.768000000000000016e-02,1.135999999999999233e-01,6.464000000000014179e-02,-2.000000000000000666e-01,-2.495999999999987118e-02,3.852799999999989566e-02,6.393599999999999284e-02,-2.105599999999999972e-01,-3.468799999999999661e-02,-4.150400000000001310e-02,-5.919999999999897566e-03,-1.011200000000009314e-02,1.750079999999999969e-01,6.159999999999998810e-02,3.251199999999998536e-02,5.920000000000003038e-02,4.479999999999983995e-03,-2.880000000000104698e-03,6.305688164228495651e-03
3.754235494860369560e-03,3.647849892905341562e-03,3.532712096109502653e-03,3.408419473426460566e-03,-1.604246967718048200e-02,4.637362779692300041e-02,-8.030490932307682295e-02,1.030343017846153120e-01,-1.063030526584614055e-01,-3.114152073846077062e-03,1.807869705353845058e-01,-2.930539230153839103e-02,-4.495048206153839931e-02,-9.006388445538471288e-02,-8.213894347692313191e-02,-3.586835211076916385e-02,2.315075292923068906e-02,4.911185265230777475e-02,1.638897188984134168e-04,-1.350196816512060916e-01
